position,importance,features
972,0.00091947755,Alternative sequence(in isoform 2); Alternative sequence(in isoform 3); Chain(Vascular endothelial growth factor receptor 2); Domain(Protein kinase)
1091,0.00091492815,Alternative sequence(in isoform 2); Alternative sequence(in isoform 3); Chain(Vascular endothelial growth factor receptor 2); Domain(Protein kinase)
971,0.0009072212,Alternative sequence(in isoform 2); Alternative sequence(in isoform 3); Chain(Vascular endothelial growth factor receptor 2); Domain(Protein kinase)
1296,0.00090131036,Alternative sequence(in isoform 2); Alternative sequence(in isoform 3); Chain(Vascular endothelial growth factor receptor 2); Compositional bias(Polar residues)
968,0.0008990178,Alternative sequence(in isoform 2); Alternative sequence(in isoform 3); Chain(Vascular endothelial growth factor receptor 2); Domain(Protein kinase)
1047,0.00089233526,Alternative sequence(in isoform 2); Alternative sequence(in isoform 3); Chain(Vascular endothelial growth factor receptor 2); Domain(Protein kinase)
1320,0.00089195644,Alternative sequence(in isoform 2); Alternative sequence(in isoform 3); Chain(Vascular endothelial growth factor receptor 2); Topological domain(Cytoplasmic)
1290,0.00088894524,Alternative sequence(in isoform 2); Alternative sequence(in isoform 3); Chain(Vascular endothelial growth factor receptor 2); Region(Disordered)
979,0.0008886464,Alternative sequence(in isoform 2); Alternative sequence(in isoform 3); Chain(Vascular endothelial growth factor receptor 2); Domain(Protein kinase)
1299,0.000886065,Alternative sequence(in isoform 2); Alternative sequence(in isoform 3); Chain(Vascular endothelial growth factor receptor 2); Compositional bias(Polar residues)
1293,0.00088499056,Alternative sequence(in isoform 2); Alternative sequence(in isoform 3); Chain(Vascular endothelial growth factor receptor 2); Region(Disordered)
975,0.0008835427,Alternative sequence(in isoform 2); Alternative sequence(in isoform 3); Chain(Vascular endothelial growth factor receptor 2); Domain(Protein kinase)
1185,0.0008748936,Alternative sequence(in isoform 2); Alternative sequence(in isoform 3); Chain(Vascular endothelial growth factor receptor 2); Topological domain(Cytoplasmic)
965,0.00087376055,Alternative sequence(in isoform 2); Alternative sequence(in isoform 3); Chain(Vascular endothelial growth factor receptor 2); Domain(Protein kinase)
1193,0.0008733564,Alternative sequence(in isoform 2); Alternative sequence(in isoform 3); Chain(Vascular endothelial growth factor receptor 2); Topological domain(Cytoplasmic)
1200,0.00087330566,Alternative sequence(in isoform 2); Alternative sequence(in isoform 3); Chain(Vascular endothelial growth factor receptor 2); Topological domain(Cytoplasmic)
1307,0.0008717324,Alternative sequence(in isoform 2); Alternative sequence(in isoform 3); Chain(Vascular endothelial growth factor receptor 2); Compositional bias(Polar residues)
1235,0.0008716014,Alternative sequence(in isoform 2); Alternative sequence(in isoform 3); Chain(Vascular endothelial growth factor receptor 2); Modified residue(Phosphoserine)
1311,0.0008713223,Alternative sequence(in isoform 2); Alternative sequence(in isoform 3); Chain(Vascular endothelial growth factor receptor 2); Region(Disordered)
1303,0.00086584734,Alternative sequence(in isoform 2); Alternative sequence(in isoform 3); Chain(Vascular endothelial growth factor receptor 2); Compositional bias(Polar residues)
338,0.00086457527,Beta strand; Chain(Vascular endothelial growth factor receptor 2); Domain(Ig-like C2-type 4); Topological domain(Extracellular)
1347,0.0008632326,Alternative sequence(in isoform 2); Alternative sequence(in isoform 3); Chain(Vascular endothelial growth factor receptor 2); Sequence conflict(in Ref. 7; AAA59459/CAA43837)
974,0.0008627894,Alternative sequence(in isoform 2); Alternative sequence(in isoform 3); Chain(Vascular endothelial growth factor receptor 2); Domain(Protein kinase)
372,0.0008623735,Chain(Vascular endothelial growth factor receptor 2); Domain(Ig-like C2-type 4); Topological domain(Extracellular)
984,0.0008621492,Alternative sequence(in isoform 2); Alternative sequence(in isoform 3); Chain(Vascular endothelial growth factor receptor 2); Domain(Protein kinase)
